{
"Profiles": [
{
  "Use Non-ASCII Font" : false,
  "Tags" : [

  ],
  "Ansi 12 Color" : {
    "Red Component" : 0.61468899250030518,
    "Color Space" : "Calibrated",
    "Blue Component" : 0.99877572059631348,
    "Alpha Component" : 1,
    "Green Component" : 0.39599207043647766
  },
  "Ansi 7 Color" : {
    "Red Component" : 0.76960963010787964,
    "Color Space" : "Calibrated",
    "Blue Component" : 0.70993047952651978,
    "Alpha Component" : 1,
    "Green Component" : 0.77144092321395874
  },
  "Ansi 8 Color" : {
    "Red Component" : 0.3829454779624939,
    "Color Space" : "Calibrated",
    "Blue Component" : 0.29652142524719238,
    "Alpha Component" : 1,
    "Green Component" : 0.36959609389305115
  },
  "Bold Color" : {
    "Red Component" : 0.92150187492370605,
    "Color Space" : "Calibrated",
    "Blue Component" : 0.92148995399475098,
    "Alpha Component" : 1,
    "Green Component" : 0.92147433757781982
  },
  "Ansi 9 Color" : {
    "Red Component" : 0.95683503150939941,
    "Color Space" : "Calibrated",
    "Blue Component" : 0.3728577196598053,
    "Alpha Component" : 1,
    "Green Component" : 0
  },
  "Ansi 6 Color" : {
    "Red Component" : 0.34416967630386353,
    "Color Space" : "Calibrated",
    "Blue Component" : 0.92060363292694092,
    "Alpha Component" : 1,
    "Green Component" : 0.81977206468582153
  },
  "Ansi 5 Color" : {
    "Red Component" : 0.95683503150939941,
    "Color Space" : "Calibrated",
    "Blue Component" : 0.3728577196598053,
    "Alpha Component" : 1,
    "Green Component" : 0
  },
  "Rows" : 50,
  "Default Bookmark" : "No",
  "Cursor Guide Color" : {
    "Red Component" : 0.64999997615814209,
    "Color Space" : "Calibrated",
    "Blue Component" : 1,
    "Alpha Component" : 0.25,
    "Green Component" : 0.9100000262260437
  },
  "Non-ASCII Anti Aliased" : true,
  "Use Bright Bold" : true,
  "Ansi 10 Color" : {
    "Red Component" : 0.59473341703414917,
    "Color Space" : "Calibrated",
    "Blue Component" : 0.14004382491111755,
    "Alpha Component" : 1,
    "Green Component" : 0.87921047210693359
  },
  "Icon" : 1,
  "Ambiguous Double Width" : false,
  "Jobs to Ignore" : [
    "rlogin",
    "ssh",
    "slogin",
    "telnet"
  ],
  "Show Status Bar" : true,
  "Ansi 15 Color" : {
    "Red Component" : 0.96537256240844727,
    "Color Space" : "Calibrated",
    "Blue Component" : 0.9359474778175354,
    "Alpha Component" : 1,
    "Green Component" : 0.96549534797668457
  },
  "Foreground Color" : {
    "Red Component" : 0.8493925929069519,
    "Color Space" : "Calibrated",
    "Blue Component" : 0.84938156604766846,
    "Alpha Component" : 1,
    "Green Component" : 0.84936714172363281
  },
  "Working Directory" : "\/Users\/a309586",
  "Blinking Cursor" : true,
  "Disable Window Resizing" : true,
  "Sync Title" : false,
  "Prompt Before Closing 2" : false,
  "BM Growl" : true,
  "Command" : "",
  "Description" : "Default",
  "Mouse Reporting" : true,
  "Screen" : -1,
  "Selection Color" : {
    "Red Component" : 0.20521381497383118,
    "Color Space" : "Calibrated",
    "Blue Component" : 0.20521116256713867,
    "Alpha Component" : 1,
    "Green Component" : 0.20520767569541931
  },
  "Columns" : 120,
  "Idle Code" : 0,
  "Ansi 13 Color" : {
    "Red Component" : 0.95683503150939941,
    "Color Space" : "Calibrated",
    "Blue Component" : 0.3728577196598053,
    "Alpha Component" : 1,
    "Green Component" : 0
  },
  "Title Components" : 3,
  "Custom Command" : "No",
  "ASCII Anti Aliased" : true,
  "Application Keypad Allowed" : false,
  "Non Ascii Font" : "Monaco 12",
  "Vertical Spacing" : 1,
  "Use Bold Font" : true,
  "Option Key Sends" : 0,
  "Selected Text Color" : {
    "Red Component" : 1,
    "Color Space" : "Calibrated",
    "Blue Component" : 0.99999129772186279,
    "Alpha Component" : 1,
    "Green Component" : 0.99997437000274658
  },
  "Background Color" : {
    "Red Component" : 0.046698093414306641,
    "Color Space" : "Calibrated",
    "Blue Component" : 0.046697486191987991,
    "Alpha Component" : 1,
    "Green Component" : 0.046696696430444717
  },
  "Character Encoding" : 4,
  "Ansi 11 Color" : {
    "Red Component" : 0.87748134136199951,
    "Color Space" : "Calibrated",
    "Blue Component" : 0.38154411315917969,
    "Alpha Component" : 1,
    "Green Component" : 0.83635991811752319
  },
  "Use Italic Font" : true,
  "Unlimited Scrollback" : false,
  "Keyboard Map" : {
    "0x37-0x40000" : {
      "Action" : 11,
      "Text" : "0x1f"
    },
    "0xf700-0x240000-0x0" : {
      "Text" : "[A",
      "Action" : 10
    },
    "0xf701-0x260000-0x0" : {
      "Text" : "[B",
      "Action" : 10
    },
    "0x32-0x40000" : {
      "Action" : 11,
      "Text" : "0x00"
    },
    "0xf729-0x40000-0x0" : {
      "Text" : "",
      "Action" : 5
    },
    "0xf70c-0x20000" : {
      "Action" : 10,
      "Text" : "[20;2~"
    },
    "0xf705-0x20000" : {
      "Action" : 10,
      "Text" : "[1;2Q"
    },
    "0xf703-0x220000-0x0" : {
      "Text" : "[C",
      "Action" : 10
    },
    "0x38-0x40000" : {
      "Action" : 11,
      "Text" : "0x7f"
    },
    "0x33-0x40000" : {
      "Action" : 11,
      "Text" : "0x1b"
    },
    "0xf72b-0x20000-0x0" : {
      "Text" : "[F",
      "Action" : 10
    },
    "0x2d-0x40000-0x0" : {
      "Text" : "0x1f",
      "Action" : 11
    },
    "0xf700-0x220000-0x0" : {
      "Text" : "[A",
      "Action" : 10
    },
    "0xf701-0x240000-0x0" : {
      "Text" : "[B",
      "Action" : 10
    },
    "0xf702-0x260000-0x0" : {
      "Text" : "0x1b 0x1b 0x5b 0x44",
      "Action" : 11
    },
    "0xf703-0x280000-0x0" : {
      "Text" : "f",
      "Action" : 10
    },
    "0xf70d-0x20000" : {
      "Action" : 10,
      "Text" : "[21;2~"
    },
    "0x5e-0x60000-0x0" : {
      "Text" : "0x1e",
      "Action" : 11
    },
    "0xf700-0x280000-0x0" : {
      "Text" : "[A",
      "Action" : 10
    },
    "0xf706-0x20000" : {
      "Action" : 10,
      "Text" : "[1;2R"
    },
    "0x34-0x40000" : {
      "Action" : 11,
      "Text" : "0x1c"
    },
    "0xf70b-0x20000-0x0" : {
      "Text" : "[29~",
      "Action" : 10
    },
    "0xf70e-0x20000" : {
      "Action" : 10,
      "Text" : "[23;2~"
    },
    "0xf729-0x20000-0x0" : {
      "Text" : "[H",
      "Action" : 10
    },
    "0xf707-0x20000" : {
      "Action" : 10,
      "Text" : "[1;2S"
    },
    "0xf701-0x220000-0x0" : {
      "Text" : "[B",
      "Action" : 10
    },
    "0xf701-0x280000-0x0" : {
      "Text" : "[B",
      "Action" : 10
    },
    "0x35-0x40000" : {
      "Action" : 11,
      "Text" : "0x1d"
    },
    "0xf700-0x260000-0x0" : {
      "Text" : "[A",
      "Action" : 10
    },
    "0xf70f-0x20000" : {
      "Action" : 10,
      "Text" : "[24;2~"
    },
    "0xf702-0x240000-0x0" : {
      "Text" : "[5D",
      "Action" : 10
    },
    "0xf70a-0x20000-0x0" : {
      "Text" : "[28~",
      "Action" : 10
    },
    "0xf703-0x260000-0x0" : {
      "Text" : "[C",
      "Action" : 10
    },
    "0xf709-0x20000-0x0" : {
      "Text" : "[26~",
      "Action" : 10
    },
    "0xf708-0x20000-0x0" : {
      "Text" : "[25~",
      "Action" : 10
    },
    "0xf72b-0x40000-0x0" : {
      "Text" : "",
      "Action" : 4
    },
    "0x36-0x40000" : {
      "Action" : 11,
      "Text" : "0x1e"
    },
    "0xf702-0x220000-0x0" : {
      "Text" : "[D",
      "Action" : 10
    },
    "0xf703-0x240000-0x0" : {
      "Text" : "[5C",
      "Action" : 10
    },
    "0xf702-0x280000-0x0" : {
      "Text" : "b",
      "Action" : 10
    },
    "0xf704-0x20000" : {
      "Action" : 10,
      "Text" : "[1;2P"
    }
  },
  "Window Type" : 0,
  "Background Image Location" : "",
  "Blur" : false,
  "Badge Color" : {
    "Red Component" : 1,
    "Color Space" : "Calibrated",
    "Blue Component" : 0,
    "Alpha Component" : 0.5,
    "Green Component" : 0
  },
  "Scrollback Lines" : 1000,
  "Send Code When Idle" : false,
  "Close Sessions On End" : true,
  "Terminal Type" : "xterm-256color",
  "Visual Bell" : true,